year,week,prcp_week_in,TMAX,TMIN,TAVG,AWND
2017,1,0.77,22.285714285714285,7.742857142857143,15.414285714285715,10.685714285714285
2017,2,3.14,34.857142857142854,18.685714285714287,26.52857142857143,10.742857142857144
2017,3,7.84,45.628571428571426,34.285714285714285,39.91428571428571,8.432142857142857
2017,4,0.38,35.25714285714286,29.0,32.42857142857143,11.775
2017,5,0.19,35.05714285714286,19.34285714285714,27.3,11.799999999999999
2017,6,1.83,42.457142857142856,23.257142857142856,32.9,11.714285714285714
2017,7,0.0,53.74285714285714,31.428571428571427,42.4,9.485714285714286
2017,8,1.84,54.31428571428572,35.628571428571426,45.142857142857146,12.00357142857143
2017,9,4.87,48.457142857142856,29.771428571428572,38.8,12.832142857142857
2017,10,1.75,45.08571428571429,29.942857142857143,37.81428571428572,14.225
2017,11,1.18,40.22857142857143,24.34285714285714,32.02857142857143,10.303571428571429
2017,12,4.87,54.371428571428574,37.0,45.542857142857144,12.071428571428571
2017,13,7.41,53.94285714285714,38.542857142857144,46.17142857142857,9.896428571428572
2017,14,6.92,59.542857142857144,42.65714285714286,50.81428571428572,13.278571428571428
2017,15,6.22,67.48571428571428,46.6,57.15714285714286,10.903571428571428
2017,16,1.28,67.17142857142858,44.51428571428571,55.885714285714286,10.325000000000001
2017,17,15.96,62.8,45.714285714285715,54.457142857142856,12.653571428571428
2017,18,3.4000000000000004,58.22857142857143,42.142857142857146,50.24285714285714,12.178571428571429
2017,19,4.27,70.37142857142857,47.91428571428571,59.02857142857143,8.37142857142857
2017,20,10.01,73.28571428571429,53.51428571428571,63.9,14.160714285714286
2017,21,4.09,70.74285714285715,53.68571428571428,62.0,9.121428571428572
2017,22,0.01,81.25714285714285,57.91428571428571,69.88571428571429,8.792857142857143
2017,23,2.04,84.4,61.57142857142857,73.14285714285714,11.08148148148148
2017,24,4.47,88.05714285714286,68.57142857142857,78.11428571428571,10.078571428571427
2017,25,3.69,78.97142857142858,60.51428571428571,69.95714285714286,10.667857142857143
2017,26,3.83,81.2,61.05882352941177,71.22857142857143,9.639285714285714
2017,27,0.5,86.28571428571429,66.45714285714286,76.34285714285714,7.546428571428572
2017,28,7.23,82.91428571428571,66.02857142857142,74.65714285714286,8.27142857142857
2017,29,13.36,87.37142857142857,67.17142857142858,77.11428571428571,6.939285714285715
2017,30,1.63,81.77142857142857,65.68571428571428,73.9,8.289285714285715
2017,31,4.16,80.65714285714286,62.51428571428571,71.64285714285714,7.035714285714286
2017,32,1.72,80.02857142857142,60.22857142857143,70.17142857142858,6.417857142857143
2017,33,2.9499999999999997,83.82352941176471,65.05882352941177,74.07352941176471,7.518518518518518
2017,34,3.84,78.45714285714286,60.02857142857143,69.32857142857142,8.457142857142857
2017,35,2.13,77.54285714285714,58.6,67.84285714285714,7.703571428571428
2017,36,0.15000000000000002,73.14285714285714,53.4,63.18571428571428,9.364285714285714
2017,37,0.2,82.05714285714286,60.65714285714286,71.34285714285714,7.103571428571429
2017,38,1.48,88.11428571428571,67.05714285714286,77.5,7.364285714285714
2017,39,0.8099999999999999,76.02857142857142,56.42857142857143,66.37142857142857,8.792857142857143
2017,40,8.05,75.57142857142857,58.371428571428574,66.9,9.196428571428571
2017,41,23.220000000000002,67.74285714285715,52.6,60.285714285714285,9.585714285714285
2017,42,3.0700000000000003,72.2,49.457142857142856,60.65714285714286,10.710714285714285
2017,43,5.99,50.91428571428571,38.17142857142857,44.6,11.489285714285714
2017,44,3.42,48.51428571428571,37.8,43.42857142857143,10.442857142857141
2017,45,0.41000000000000003,41.628571428571426,27.514285714285716,34.714285714285715,8.971428571428572
2017,46,5.33,45.08571428571429,31.485714285714284,38.4,11.614285714285714
2017,47,0.12,49.457142857142856,28.34285714285714,38.94285714285714,10.967857142857143
2017,48,0.12,54.97142857142857,33.51428571428571,44.5,8.703571428571427
2017,49,0.73,38.74285714285714,23.257142857142856,31.542857142857144,14.642857142857142
2017,50,0.39999999999999997,37.6,22.114285714285714,29.914285714285715,10.607142857142858
2017,51,0.72,37.8,27.314285714285713,33.042857142857144,9.839285714285714
2017,52,0.5,14.675,1.725,8.4375,9.3125
2018,1,4.51,16.775,0.7,8.4375,10.465625
2018,2,1.47,33.588235294117645,16.764705882352942,26.142857142857142,12.696428571428571
2018,3,0.46,32.42857142857143,17.02857142857143,24.457142857142856,11.153571428571428
2018,4,3.7,42.2,28.571428571428573,35.785714285714285,11.799999999999999
2018,5,0.59,31.142857142857142,11.942857142857143,21.942857142857143,12.596428571428572
2018,6,3.92,21.4,7.542857142857143,14.614285714285714,8.660714285714286
2018,7,0.49,38.628571428571426,18.514285714285716,28.585714285714285,9.264285714285714
2018,8,16.79,45.34285714285714,29.142857142857142,37.48571428571429,12.953571428571427
2018,9,2.63,49.97142857142857,31.457142857142856,40.65714285714286,10.364285714285714
2018,10,1.07,38.51428571428571,25.685714285714287,32.142857142857146,10.575000000000001
2018,11,0.91,45.142857142857146,26.085714285714285,35.51428571428571,9.585714285714285
2018,12,0.9199999999999999,43.114285714285714,28.428571428571427,35.957142857142856,12.85
2018,13,3.66,48.542857142857144,32.114285714285714,40.31428571428572,10.278571428571428
2018,14,2.14,39.628571428571426,22.742857142857144,31.542857142857144,10.710714285714285
2018,15,6.9,50.628571428571426,34.77142857142857,42.67142857142857,12.471428571428572
2018,16,0.75,51.142857142857146,32.74285714285714,41.82857142857143,10.082142857142857
2018,17,0.35,61.34285714285714,39.4,50.41428571428571,9.892857142857142
2018,18,3.82,78.26470588235294,54.885714285714286,66.35714285714286,11.696428571428571
2018,19,4.88,71.71428571428571,51.8,62.0,9.907142857142857
2018,20,5.59,75.22857142857143,53.82857142857143,64.51428571428572,9.067857142857143
2018,21,6.1499999999999995,83.74285714285715,61.4,72.05714285714286,6.732142857142857
2018,22,6.19,84.45714285714286,64.08571428571429,74.18571428571428,9.307142857142859
2018,23,9.02,78.8,58.94285714285714,68.75714285714285,8.575
2018,24,4.26,84.4,66.2,75.34285714285714,8.39642857142857
2018,25,14.16,79.54285714285714,64.8,72.31428571428572,8.264285714285714
2018,26,6.55,86.57142857142857,69.54285714285714,78.04285714285714,9.232142857142858
2018,27,3.53,86.08571428571429,67.34285714285714,76.72857142857143,7.964285714285714
2018,28,5.01,87.65714285714286,69.91428571428571,78.75714285714285,6.864285714285714
2018,29,3.91,82.28571428571429,66.91428571428571,74.55714285714286,9.867857142857144
2018,30,0.72,81.8,63.02857142857143,72.42857142857143,6.792857142857143
2018,31,1.87,85.57142857142857,66.14285714285714,75.7,7.539285714285714
2018,32,4.27,86.17142857142858,68.42857142857143,77.21428571428571,6.1571428571428575
2018,33,3.1,86.08571428571429,68.65714285714286,77.22857142857143,5.746428571428572
2018,34,4.72,81.42857142857143,64.6,72.82857142857142,8.735714285714286
2018,35,8.01,84.97142857142858,67.14285714285714,76.04285714285714,9.25
2018,36,10.73,78.71428571428571,65.08571428571429,72.0,10.610714285714286
2018,37,0.0,83.34285714285714,61.31428571428572,72.08571428571429,6.846428571428571
2018,38,5.32,79.22857142857143,60.285714285714285,69.97142857142858,8.785714285714286
2018,39,3.17,68.2,50.51428571428571,59.642857142857146,8.178571428571429
2018,40,12.09,71.77142857142857,54.17142857142857,62.81428571428572,9.857142857142858
2018,41,5.47,61.25714285714286,45.31428571428572,53.6,10.239285714285714
2018,42,0.51,54.457142857142856,33.94285714285714,44.22857142857143,11.164285714285715
2018,43,1.3399999999999999,54.97142857142857,39.628571428571426,47.114285714285714,8.317857142857143
2018,44,5.890000000000001,54.857142857142854,40.48571428571429,47.74285714285714,9.307142857142859
2018,45,2.54,40.65714285714286,28.942857142857143,35.17142857142857,10.982142857142858
2018,46,1.1,34.94285714285714,22.914285714285715,29.242857142857144,8.867857142857144
2018,47,4.8,41.17142857142857,29.65714285714286,35.41428571428571,10.978571428571428
2018,48,5.36,36.42857142857143,25.685714285714287,31.0,10.960714285714285
2018,49,0.14,30.97142857142857,20.057142857142857,25.714285714285715,8.157142857142857
2018,50,1.48,40.94285714285714,25.0,32.714285714285715,8.053571428571429
2018,51,0.43,41.91428571428571,29.057142857142857,35.642857142857146,9.217857142857143
2018,52,3.86,40.457142857142856,25.228571428571428,32.714285714285715,9.971428571428572
2019,1,0.86,39.225,26.325,32.775,10.93125
2019,2,1.6600000000000001,34.65714285714286,23.142857142857142,29.15714285714286,11.785714285714286
2019,3,1.25,27.97142857142857,18.885714285714286,23.857142857142858,10.714285714285714
2019,4,2.67,20.457142857142856,3.257142857142857,12.0,10.664285714285715
2019,5,1.66,20.8,1.5142857142857142,10.771428571428572,11.682142857142855
2019,6,4.62,30.885714285714286,15.342857142857143,23.728571428571428,10.667857142857143
2019,7,2.83,31.485714285714284,17.742857142857144,24.84285714285714,12.532142857142857
2019,8,3.3,36.857142857142854,20.314285714285713,28.614285714285714,11.660714285714286
2019,9,0.41000000000000003,26.428571428571427,12.571428571428571,19.857142857142858,9.435714285714285
2019,10,3.11,29.771428571428572,14.6,21.957142857142856,12.421428571428573
2019,11,4.68,47.2,30.085714285714285,38.52857142857143,11.771428571428572
2019,12,1.01,48.714285714285715,31.085714285714285,39.98571428571429,8.496428571428572
2019,13,4.33,50.77142857142857,31.114285714285714,40.957142857142856,11.12142857142857
2019,14,3.48,57.0,38.4,47.142857142857146,9.317857142857141
2019,15,6.1,54.97142857142857,37.82857142857143,46.75714285714286,13.942857142857141
2019,16,3.2600000000000002,65.85714285714286,41.142857142857146,53.22857142857143,12.4
2019,17,4.54,62.51428571428571,44.31428571428572,53.6,10.978571428571428
2019,18,13.13,59.114285714285714,43.457142857142856,51.128571428571426,9.060714285714285
2019,19,8.43,61.885714285714286,44.57142857142857,53.2,10.764285714285714
2019,20,5.43,72.54285714285714,49.08571428571429,60.9,9.49642857142857
2019,21,5.97,71.85714285714286,55.142857142857146,63.4,11.255555555555555
2019,22,11.0,77.17142857142858,55.65714285714286,66.48571428571428,8.47857142857143
2019,23,1.93,80.54285714285714,59.628571428571426,70.1,9.217857142857143
2019,24,5.52,74.82857142857142,55.6,65.31428571428572,10.914285714285715
2019,25,4.3,76.08571428571429,58.77142857142857,67.28571428571429,8.346428571428572
2019,26,5.11,86.85714285714286,67.48571428571428,76.85714285714286,8.489285714285714
2019,27,8.46,87.37142857142857,69.68571428571428,78.3,7.735714285714286
2019,28,2.0,87.8,67.74285714285715,77.72857142857143,7.539285714285714
2019,29,10.58,88.62857142857143,72.57142857142857,80.38571428571429,9.189285714285715
2019,30,0.48,83.48571428571428,64.28571428571429,74.0,8.707142857142857
2019,31,2.68,82.62857142857143,64.22857142857143,73.48571428571428,6.417857142857143
2019,32,1.62,85.05714285714286,65.74285714285715,75.38571428571429,6.832142857142857
2019,33,11.07,81.94285714285714,66.34285714285714,73.91428571428571,6.796428571428572
2019,34,2.2199999999999998,78.97142857142858,63.68571428571428,71.32857142857142,7.785714285714286
2019,35,6.5,76.88571428571429,60.91428571428571,68.82857142857142,8.778571428571428
2019,36,1.26,75.28571428571429,59.97142857142857,67.65714285714286,8.1
2019,37,8.55,80.85714285714286,62.857142857142854,71.71428571428571,8.867857142857144
2019,38,4.96,82.08571428571429,65.62857142857143,73.8,8.035714285714286
2019,39,11.24,74.11428571428571,57.371428571428574,65.8,9.696428571428571
2019,40,7.09,71.94285714285714,54.628571428571426,63.34285714285714,9.764285714285714
2019,41,3.03,64.85714285714286,43.371428571428574,54.48571428571429,10.189285714285715
2019,42,0.16,60.17142857142857,41.114285714285714,50.27142857142857,8.267857142857142
2019,43,9.91,55.31428571428572,41.25714285714286,48.51428571428571,11.142857142857142
2019,44,5.32,44.885714285714286,30.8,37.871428571428574,9.642857142857142
2019,45,0.29,43.05714285714286,26.82857142857143,35.371428571428574,9.892857142857142
2019,46,0.89,33.65714285714286,18.6,26.114285714285714,9.514285714285714
2019,47,2.5,44.628571428571426,32.08571428571429,38.22857142857143,8.346428571428572
2019,48,5.18,44.542857142857144,32.628571428571426,38.91428571428571,11.946428571428571
2019,49,0.0,41.48571428571429,26.885714285714286,34.02857142857143,9.657142857142857
2019,50,0.69,32.42857142857143,17.114285714285714,25.485714285714284,9.514285714285714
2019,51,0.02,36.114285714285714,19.485714285714284,27.485714285714284,8.707142857142857
2019,52,4.69,50.542857142857144,33.628571428571426,42.24285714285714,9.146428571428572
2020,1,0.07,41.04,27.08,33.86,10.59
2020,2,7.23,38.48571428571429,22.6,30.84285714285714,11.825000000000001
2020,3,3.1500000000000004,30.714285714285715,15.371428571428572,23.771428571428572,11.825000000000001
2020,4,2.0100000000000002,32.82857142857143,23.942857142857143,28.285714285714285,8.7
2020,5,0.33999999999999997,36.457142857142856,29.34285714285714,32.714285714285715,7.160714285714286
2020,6,1.48,35.51428571428571,23.17142857142857,29.65714285714286,10.760714285714286
2020,7,0.82,31.17142857142857,12.571428571428571,22.12857142857143,9.192857142857145
2020,8,0.96,38.17142857142857,19.571428571428573,28.914285714285715,10.539285714285715
2020,9,0.49,38.42857142857143,24.8,31.52857142857143,12.114285714285714
2020,10,0.49000000000000005,50.51428571428571,31.257142857142856,40.77142857142857,12.146428571428572
2020,11,3.9,47.457142857142856,34.371428571428574,41.128571428571426,10.882142857142856
2020,12,4.5,45.94285714285714,32.08571428571429,38.857142857142854,9.921428571428573
2020,13,5.38,53.91428571428571,37.74285714285714,45.371428571428574,9.921428571428573
2020,14,0.43,54.77142857142857,35.77142857142857,45.128571428571426,8.803571428571429
2020,15,3.71,62.628571428571426,40.97142857142857,51.58571428571429,10.960714285714285
2020,16,1.3599999999999999,48.857142857142854,30.142857142857142,39.32857142857143,11.721428571428572
2020,17,3.97,59.4,39.77142857142857,49.17142857142857,10.507142857142856
2020,18,11.51,68.71428571428571,46.2,57.44285714285714,11.0
2020,19,2.07,55.91428571428571,38.8,47.6,11.278571428571428
2020,20,26.92,66.25714285714285,47.714285714285715,56.65714285714286,9.725
2020,21,2.85,71.57142857142857,55.91428571428571,63.385714285714286,9.271428571428572
2020,22,3.42,79.51428571428572,60.97142857142857,70.21428571428571,8.689285714285713
2020,23,4.64,84.62857142857143,63.31428571428572,73.98571428571428,9.778571428571428
2020,24,2.06,80.65714285714286,60.371428571428574,70.6,12.442857142857141
2020,25,3.8600000000000003,85.51428571428572,63.628571428571426,74.38571428571429,7.160714285714286
2020,26,11.69,83.48571428571428,65.25714285714285,74.18571428571428,7.660714285714286
2020,27,3.67,89.65714285714286,71.17142857142858,80.37142857142857,6.510714285714286
2020,28,6.07,88.82857142857142,70.65714285714286,79.85714285714286,7.253571428571428
2020,29,5.16,85.6,67.57142857142857,76.75714285714285,8.610714285714286
2020,30,2.37,85.82857142857142,67.94285714285714,76.78571428571429,7.185714285714285
2020,31,4.51,83.48571428571428,67.17142857142858,75.5,7.885714285714286
2020,32,0.61,80.68571428571428,62.17142857142857,71.27142857142857,7.478571428571429
2020,33,3.88,85.22857142857143,65.65714285714286,75.48571428571428,7.139285714285714
2020,34,0.63,84.28571428571429,64.08571428571429,74.1,6.325
2020,35,0.52,88.62857142857143,70.0,79.42857142857143,8.689285714285715
2020,36,4.699999999999999,81.62857142857143,61.371428571428574,71.34285714285714,9.328571428571427
2020,37,7.46,70.45714285714286,58.51428571428571,64.47142857142858,8.657142857142857
2020,38,0.0,72.48571428571428,52.65714285714286,62.58571428571429,8.767857142857142
2020,39,0.54,78.42857142857143,55.82857142857143,67.15714285714286,7.975
2020,40,2.39,60.05714285714286,44.2,52.01428571428571,8.471428571428572
2020,41,0.52,74.14285714285714,50.114285714285714,61.857142857142854,9.37857142857143
2020,42,2.37,64.11428571428571,40.02857142857143,52.371428571428574,11.87142857142857
2020,43,11.65,53.714285714285715,39.02857142857143,46.25714285714286,9.964285714285714
2020,44,0.63,47.4,31.34285714285714,39.22857142857143,10.817857142857141
2020,45,0.0,70.22857142857143,44.73529411764706,57.34285714285714,10.049999999999999
2020,46,5.23,53.857142857142854,34.628571428571426,45.15714285714286,12.342857142857143
2020,47,0.78,50.8,35.114285714285714,42.9,11.257142857142856
2020,48,3.4299999999999997,45.857142857142854,33.6,39.82857142857143,9.082142857142857
2020,49,0.01,41.02857142857143,26.057142857142857,33.24285714285714,8.157142857142857
2020,50,5.890000000000001,44.114285714285714,30.714285714285715,37.457142857142856,8.485714285714286
2020,51,0.08,36.02857142857143,24.97142857142857,30.428571428571427,9.142857142857142
2020,52,1.11,37.77142857142857,19.085714285714285,28.771428571428572,13.071428571428571
2020,53,2.2,31.45,18.75,25.875,9.80625
2021,1,0.03,33.94285714285714,26.114285714285714,29.942857142857143,7.5
2021,2,1.4100000000000001,36.628571428571426,26.885714285714286,31.742857142857144,9.446428571428571
2021,3,0.51,32.885714285714286,17.285714285714285,25.314285714285713,10.278571428571428
2021,4,3.84,30.257142857142856,20.8,25.485714285714284,11.921428571428573
2021,5,1.4000000000000001,24.914285714285715,11.114285714285714,18.685714285714287,11.714285714285714
2021,6,0.73,13.0,0.6285714285714286,6.928571428571429,10.103571428571428
2021,7,1.72,22.34285714285714,4.942857142857143,13.385714285714286,8.560714285714285
2021,8,1.54,45.02857142857143,29.228571428571428,37.31428571428572,10.357142857142858
2021,9,0.04,47.51428571428571,25.942857142857143,36.44285714285714,8.225
2021,10,1.3499999999999999,59.74285714285714,39.05714285714286,49.42857142857143,11.735714285714286
2021,11,4.73,48.31428571428572,33.05714285714286,40.371428571428574,12.560714285714285
2021,12,4.42,57.142857142857146,39.714285714285715,48.51428571428571,11.514285714285714
2021,13,0.01,59.542857142857144,33.77142857142857,46.31428571428572,12.789285714285715
2021,14,4.140000000000001,68.82857142857142,51.17142857142857,60.07142857142857,10.882142857142856
2021,15,0.16,57.34285714285714,38.542857142857144,47.77142857142857,8.939285714285715
2021,16,0.88,53.48571428571429,36.74285714285714,45.31428571428572,9.332142857142857
2021,17,3.25,71.88235294117646,47.628571428571426,59.2,12.875
2021,18,4.85,60.6,43.114285714285714,52.02857142857143,9.535714285714286
2021,19,0.65,64.91428571428571,44.31428571428572,54.52857142857143,6.832142857142857
2021,20,2.35,79.71428571428571,62.6,71.07142857142857,9.642857142857142
2021,21,6.99,72.45714285714286,52.91428571428571,62.9,11.389285714285714
2021,22,0.1,84.22857142857143,61.714285714285715,72.75714285714285,8.589285714285714
2021,23,5.07,89.48571428571428,70.17142857142858,79.84285714285714,6.785714285714286
2021,24,5.87,85.17142857142858,63.285714285714285,74.85714285714286,8.910714285714286
2021,25,12.78,79.45714285714286,63.628571428571426,71.51428571428572,10.549999999999999
2021,26,5.73,83.77142857142857,65.17142857142858,74.27142857142857,7.035714285714286
2021,27,1.55,80.97142857142858,65.48571428571428,73.51428571428572,8.346428571428572
2021,28,4.14,80.8,66.28571428571429,73.67142857142858,7.574074074074074
2021,29,3.14,87.4,69.0,77.95714285714286,7.235714285714286
2021,30,1.46,84.68571428571428,67.02857142857142,76.28571428571429,8.114285714285714
2021,31,3.41,83.91428571428571,64.8,74.44285714285714,6.957142857142857
2021,32,5.62,84.45714285714286,67.65714285714286,76.08571428571429,8.642857142857142
2021,33,0.87,85.71428571428571,68.48571428571428,77.15714285714286,6.596428571428571
2021,34,11.4,89.05714285714286,70.25714285714285,79.28571428571429,7.567857142857143
2021,35,1.3499999999999999,78.77142857142857,63.2,71.11428571428571,7.675
2021,36,1.1600000000000001,82.51428571428572,60.857142857142854,71.62857142857143,8.360714285714286
2021,37,1.07,84.71428571428571,62.68571428571428,73.34285714285714,8.360714285714286
2021,38,4.1000000000000005,74.34285714285714,54.02857142857143,64.28571428571429,10.457142857142857
2021,39,0.6799999999999999,81.65714285714286,61.82857142857143,71.51428571428572,7.332142857142857
2021,40,2.82,75.31428571428572,63.2,68.94285714285714,8.035714285714286
2021,41,7.7,67.97142857142858,50.94285714285714,59.48571428571429,8.442857142857143
2021,42,10.14,63.48571428571429,44.371428571428574,54.01428571428571,8.214285714285714
2021,43,7.75,55.82857142857143,43.142857142857146,49.55714285714286,11.435714285714285
2021,44,0.0,52.82857142857143,33.114285714285714,42.68571428571428,7.464285714285714
2021,45,3.0100000000000002,50.42857142857143,37.25714285714286,44.385714285714286,11.492857142857144
2021,46,1.02,47.34285714285714,30.485714285714284,39.0,10.714285714285714
2021,47,0.43000000000000005,41.68571428571428,24.857142857142858,33.457142857142856,10.617857142857144
2021,48,1.52,48.68571428571428,33.25714285714286,40.84285714285714,9.160714285714286
2021,49,3.94,42.48571428571429,23.17142857142857,32.542857142857144,11.771428571428572
2021,50,1.26,48.0,30.914285714285715,39.357142857142854,11.657142857142857
2021,51,1.15,43.77142857142857,26.914285714285715,35.357142857142854,10.032142857142857
2021,52,2.73,39.2,26.92,33.68,8.535
2021,53,1.67,33.266666666666666,23.333333333333332,28.133333333333333,8.075000000000001
2022,1,0.31,26.4,8.485714285714286,17.385714285714286,12.803571428571429
2022,2,0.36,32.65714285714286,17.17142857142857,24.82857142857143,9.632142857142856
2022,3,0.94,30.0,11.2,20.8,11.507142857142856
2022,4,0.81,24.685714285714287,5.485714285714286,15.185714285714285,9.639285714285714
2022,5,2.11,29.057142857142857,13.885714285714286,21.5,12.307142857142859
2022,6,1.04,32.68571428571428,17.571428571428573,25.228571428571428,11.457142857142857
2022,7,4.12,37.74285714285714,16.257142857142856,26.357142857142858,13.971428571428572
2022,8,4.15,34.74285714285714,18.82857142857143,26.97142857142857,10.489285714285714
2022,9,2.98,51.114285714285714,31.4,40.98571428571429,11.014285714285714
2022,10,1.15,36.51428571428571,20.914285714285715,28.414285714285715,11.242857142857144
2022,11,3.0300000000000002,59.05714285714286,37.05714285714286,47.642857142857146,8.807142857142857
2022,12,4.18,50.22857142857143,35.885714285714286,43.41428571428571,13.164285714285715
2022,13,9.14,46.857142857142854,32.0,39.17142857142857,10.825000000000001
2022,14,4.54,52.17142857142857,36.371428571428574,43.91428571428571,12.421428571428573
2022,15,3.39,56.51428571428571,37.02857142857143,47.285714285714285,13.314285714285715
2022,16,5.98,61.371428571428574,44.74285714285714,52.91428571428571,13.685714285714285
2022,17,4.6,57.4,42.17142857142857,49.72857142857143,13.235714285714286
2022,18,6.88,60.17142857142857,45.57142857142857,52.82857142857143,10.860714285714286
2022,19,2.52,86.94285714285714,64.68571428571428,75.57142857142857,10.392857142857142
2022,20,4.55,73.28571428571429,54.02857142857143,63.9,10.025
2022,21,2.73,73.91428571428571,54.4,63.97142857142857,11.085714285714285
2022,22,1.07,80.82857142857142,61.628571428571426,71.47142857142858,10.210714285714285
2022,23,3.79,77.11428571428571,58.48571428571429,67.67142857142858,7.771428571428571
2022,24,1.87,90.25714285714285,66.97142857142858,78.77142857142857,10.875
2022,25,2.27,89.51428571428572,67.65714285714286,79.07142857142857,9.717857142857143
2022,26,0.25,86.68571428571428,65.05714285714286,75.77142857142857,8.157142857142857
2022,27,8.13,85.74285714285715,69.02857142857142,77.21428571428571,8.77142857142857
2022,28,6.9399999999999995,82.54285714285714,67.57142857142857,75.08571428571429,8.425
2022,29,6.26,89.14285714285714,70.77142857142857,80.05714285714286,10.010714285714286
2022,30,1.15,82.51428571428572,64.82857142857142,73.75714285714285,6.925
2022,31,4.38,88.08571428571429,71.31428571428572,79.77142857142857,8.671428571428573
2022,32,2.05,80.31428571428572,63.714285714285715,72.2,8.410714285714286
2022,33,3.66,81.82857142857142,64.51428571428572,72.91428571428571,7.303571428571429
2022,34,2.43,83.77142857142857,64.42857142857143,73.88571428571429,6.6499999999999995
2022,35,2.71,83.88571428571429,66.02857142857142,75.05714285714286,8.75
2022,36,4.59,80.2,62.77142857142857,71.48571428571428,6.978571428571429
2022,37,0.6900000000000001,80.82857142857142,60.97142857142857,70.64285714285714,7.2250000000000005
2022,38,2.62,75.85714285714286,56.885714285714286,66.45714285714286,9.299999999999999
2022,39,0.01,66.74285714285715,47.457142857142856,56.75714285714286,8.907142857142857
2022,40,0.29000000000000004,69.28571428571429,45.02857142857143,56.98571428571429,7.153571428571429
2022,41,3.64,62.285714285714285,42.285714285714285,52.48571428571429,10.842857142857143
2022,42,0.0,62.8,41.17142857142857,51.457142857142856,12.989285714285714
2022,43,4.6,63.857142857142854,44.8,54.55714285714286,8.542857142857143
2022,44,2.11,67.4,47.371428571428574,57.57142857142857,11.285714285714286
2022,45,0.9000000000000001,53.628571428571426,37.74285714285714,46.114285714285714,10.960714285714285
2022,46,0.97,33.371428571428574,22.485714285714284,28.042857142857144,11.814285714285715
2022,47,1.91,51.02857142857143,30.37142857142857,40.5,8.364285714285714
2022,48,1.4900000000000002,42.857142857142854,22.685714285714287,32.92857142857143,13.217857142857143
2022,49,1.76,40.05714285714286,31.6,35.94285714285714,7.107142857142857
2022,50,7.35,33.97142857142857,27.285714285714285,31.1,12.810714285714285
2022,51,0.72,19.17142857142857,2.7714285714285714,11.2,12.682142857142859
2022,52,1.56,36.825,20.875,28.9375,11.115625
2023,1,5.2,37.0,27.714285714285715,32.55714285714286,7.928571428571429
2023,2,0.11000000000000001,40.68571428571428,27.37142857142857,33.642857142857146,9.785714285714286
2023,3,3.45,38.8,31.228571428571428,35.18571428571428,10.778571428571428
2023,4,1.77,32.17142857142857,18.62857142857143,25.814285714285713,10.882142857142856
2023,5,0.02,26.514285714285716,7.3428571428571425,17.15714285714286,10.353571428571428
2023,6,3.67,45.34285714285714,25.457142857142856,35.32857142857143,9.582142857142857
2023,7,3.02,44.2,27.428571428571427,36.128571428571426,12.992857142857144
2023,8,5.18,38.22857142857143,22.085714285714285,30.385714285714286,10.332142857142857
2023,9,6.34,47.8,31.6,39.542857142857144,10.596428571428572
2023,10,2.81,42.42857142857143,33.22857142857143,37.91428571428571,11.707142857142857
2023,11,1.44,39.94285714285714,21.8,31.02857142857143,13.446428571428571
2023,12,4.58,49.05714285714286,32.91428571428571,40.74285714285714,11.864285714285714
2023,13,4.25,51.65714285714286,30.97142857142857,41.142857142857146,11.74642857142857
2023,14,2.58,61.17142857142857,37.97142857142857,49.2,11.360714285714286
2023,15,1.61,76.77142857142857,50.628571428571426,64.08571428571429,11.410714285714286
2023,16,2.06,56.22857142857143,37.628571428571426,46.785714285714285,12.210714285714285
2023,17,1.76,56.8,38.02857142857143,47.32857142857143,9.935714285714285
2023,18,2.89,68.68571428571428,47.85294117647059,58.17142857142857,12.189285714285715
2023,19,2.08,74.17142857142858,55.0,64.72857142857143,8.557142857142857
2023,20,0.32,73.97142857142858,50.48571428571429,62.27142857142857,8.746428571428572
2023,21,0.0,77.51428571428572,53.25714285714286,65.7,8.792857142857143
2023,22,1.4100000000000001,88.71428571428571,64.8,76.6,7.760714285714286
2023,23,0.68,79.65714285714286,57.08571428571429,68.74285714285715,8.546428571428573
2023,24,1.58,77.77142857142857,55.82857142857143,66.64285714285714,8.382142857142856
2023,25,4.5600000000000005,87.65714285714286,65.71428571428571,76.67142857142858,9.466666666666667
2023,26,13.329999999999998,83.26470588235294,66.6470588235294,74.82352941176471,7.807407407407408
2023,27,7.529999999999999,83.91428571428571,64.28571428571429,74.1,6.953571428571428
2023,28,7.819999999999999,84.0,65.11428571428571,74.25714285714285,8.275
2023,29,0.54,83.65714285714286,63.628571428571426,73.47142857142858,6.446428571428571
2023,30,6.43,88.57142857142857,69.42857142857143,79.1,6.957142857142857
2023,31,3.3600000000000003,83.28571428571429,66.91428571428571,75.17142857142858,7.096428571428571
2023,32,2.98,82.88571428571429,65.45714285714286,74.1,7.260714285714286
2023,33,7.250000000000001,81.25714285714285,61.94285714285714,71.52857142857142,8.835714285714285
2023,34,0.63,87.14285714285714,69.65714285714286,78.47142857142858,9.314285714285715
2023,35,0.01,83.68571428571428,60.8,72.02857142857142,8.60357142857143
2023,36,1.4000000000000001,80.22857142857143,63.2,71.92857142857143,8.617857142857144
2023,37,7.84,73.02857142857142,54.31428571428572,63.628571428571426,6.2821428571428575
2023,38,3.59,77.97142857142858,59.74285714285714,68.37142857142857,7.678571428571429
2023,39,5.79,77.57142857142857,61.05714285714286,68.87142857142857,7.339285714285714
2023,40,2.5,72.05714285714286,54.6,63.642857142857146,8.996428571428572
2023,41,8.0,61.285714285714285,45.48571428571429,53.357142857142854,10.185714285714285
2023,42,1.07,62.17142857142857,44.48571428571429,53.371428571428574,8.260714285714286
2023,43,5.83,63.114285714285714,48.22857142857143,55.857142857142854,11.007142857142856
2023,44,0.23,50.42857142857143,32.542857142857144,41.214285714285715,9.407142857142857
2023,45,0.22,57.08571428571429,40.34285714285714,48.77142857142857,10.207142857142857
2023,46,0.02,61.08571428571429,35.94285714285714,48.68571428571428,8.378571428571428
2023,47,3.53,42.114285714285714,31.085714285714285,36.871428571428574,9.50357142857143
2023,48,4.5,40.05714285714286,27.4,33.628571428571426,9.182142857142859
2023,49,1.16,45.25714285714286,33.17142857142857,39.48571428571429,10.796428571428573
2023,50,2.94,44.714285714285715,30.8,37.628571428571426,8.064285714285715
2023,51,2.28,45.02857142857143,33.34285714285714,39.02857142857143,8.814285714285715
2023,52,4.49,43.775,33.45,38.8625,9.309375
2024,1,2.76,36.733333333333334,28.844444444444445,32.86666666666667,8.691666666666666
2024,2,6.88,29.02857142857143,18.514285714285716,24.285714285714285,13.825000000000001
2024,3,0.22,15.82857142857143,1.0857142857142856,8.057142857142857,11.617857142857144
2024,4,5.45,38.94285714285714,32.857142857142854,35.628571428571426,7.614285714285714
2024,5,0.1,44.714285714285715,32.1764705882353,38.18571428571428,9.553571428571429
2024,6,0.56,48.08571428571429,32.96969696969697,40.8,10.126923076923077
2024,7,0.7699999999999999,39.371428571428574,23.057142857142857,31.285714285714285,10.035714285714286
2024,8,0.63,53.285714285714285,30.514285714285716,41.7,8.971428571428572
2024,9,1.56,59.6,31.82857142857143,45.15714285714286,12.857142857142858
2024,10,6.82,51.42857142857143,36.08571428571429,44.22857142857143,11.525
2024,11,2.4,61.05714285714286,38.05714285714286,49.642857142857146,12.632142857142856
2024,12,1.35,44.31428571428572,28.17142857142857,36.042857142857144,12.071428571428571
2024,13,6.27,53.65714285714286,34.51428571428571,43.8,12.24642857142857
2024,14,7.1,50.51428571428571,36.57142857142857,43.41428571428571,12.935714285714285
2024,15,1.29,68.31428571428572,46.885714285714286,57.44285714285714,10.778571428571428
2024,16,2.81,63.142857142857146,43.8,53.67142857142857,12.721428571428572
2024,17,7.58,64.22857142857143,45.02857142857143,54.77142857142857,12.782142857142857
2024,18,9.35,72.74285714285715,52.0,62.31428571428572,8.878571428571428
2024,19,5.6000000000000005,74.28571428571429,51.91428571428571,62.98571428571429,9.78888888888889
2024,20,3.81,76.6,57.0,66.92857142857143,8.767857142857142
2024,21,9.66,80.02857142857142,59.6,69.91428571428571,10.814285714285715
2024,22,3.9899999999999998,73.65714285714286,55.542857142857144,64.44285714285714,8.435714285714285
2024,23,4.1,81.65714285714286,60.94285714285714,71.34285714285714,11.107142857142858
2024,24,2.56,84.88571428571429,61.82857142857143,73.18571428571428,9.432142857142859
2024,25,7.13,88.62857142857143,69.97142857142858,79.31428571428572,10.307142857142859
2024,26,3.2,81.68571428571428,65.57142857142857,74.04285714285714,9.760714285714286
2024,27,4.8,82.68571428571428,65.14285714285714,73.7,7.964285714285714
2024,28,17.81,84.77142857142857,67.71428571428571,76.05714285714286,6.635714285714286
2024,29,3.05,82.25714285714285,65.08571428571429,73.87142857142857,7.125
2024,30,4.37,82.62857142857143,65.57142857142857,74.05714285714286,7.007142857142857
2024,31,6.13,88.0,70.05714285714286,78.8,6.357142857142857
2024,32,1.87,79.22857142857143,62.34285714285714,70.91428571428571,9.125
2024,33,6.88,82.17142857142858,65.17142857142858,73.44285714285714,7.378571428571428
2024,34,0.15000000000000002,81.05714285714286,61.457142857142856,71.12857142857143,7.207142857142857
2024,35,8.07,86.48571428571428,68.48571428571428,77.51428571428572,8.110714285714286
2024,36,0.06,76.31428571428572,55.97142857142857,66.18571428571428,7.985714285714286
2024,37,0.02,84.91428571428571,61.857142857142854,73.12857142857143,7.007142857142857
2024,38,3.37,86.88571428571429,63.6,75.15714285714286,6.757142857142858
2024,39,5.1,74.77142857142857,60.857142857142854,67.57142857142857,9.189285714285715
2024,40,0.22,76.05714285714286,53.8,65.08571428571429,9.007142857142858
2024,41,0.0,72.97142857142858,50.25714285714286,61.47142857142857,8.35357142857143
2024,42,1.15,65.05714285714286,41.6,52.94285714285714,8.75
2024,43,3.17,67.57142857142857,45.285714285714285,56.642857142857146,8.075
2024,44,1.8,67.45714285714286,48.142857142857146,57.6,12.799999999999999
2024,45,11.0,60.8,48.31428571428572,54.34285714285714,9.007692307692308
2024,46,1.99,54.0,41.6,47.885714285714286,9.639285714285714
2024,47,3.92,50.08571428571429,37.8,44.042857142857144,12.225
2024,48,0.42,34.77142857142857,22.228571428571428,29.02857142857143,10.535714285714286
2024,49,0.26,37.114285714285714,18.514285714285716,27.428571428571427,11.771428571428572
2024,50,1.58,35.02857142857143,20.914285714285715,28.242857142857144,10.728571428571428
2024,51,0.87,36.371428571428574,23.714285714285715,30.32857142857143,10.12857142857143
2024,52,5.22,44.74285714285714,36.48571428571429,40.614285714285714,9.017857142857142
