year,week,PRCP,TMAX,TMIN,TAVG,AWND
2015,1,0.1627891156462585,34.69736842105263,17.69736842105263,27.45,9.19090909090909
2015,2,0.0401937984496124,18.74436090225564,0.556390977443609,10.314285714285715,11.903896103896104
2015,3,0.021089494163424125,33.54135338345865,13.803030303030303,25.2,8.815584415584414
2015,4,0.01865079365079365,39.53383458646616,26.900763358778626,34.142857142857146,6.849350649350649
2015,5,0.11462450592885376,35.6390977443609,21.293233082706767,30.571428571428573,9.894805194805194
2015,6,0.03996124031007752,31.984962406015036,11.16793893129771,22.942857142857143,9.623376623376624
2015,7,0.0012015503875968993,29.112781954887218,11.353383458646617,21.114285714285714,11.131168831168832
2015,8,0.024864864864864868,21.0,4.037593984962406,14.771428571428572,9.672727272727272
2015,9,0.04540540540540541,22.481203007518797,0.05263157894736842,12.914285714285715,8.05974025974026
2015,10,0.026745098039215688,33.21969696969697,11.878787878787879,25.228571428571428,9.261842105263158
2015,11,0.02776061776061776,57.31578947368421,32.1203007518797,46.2,6.635064935064935
2015,12,0.007441860465116279,55.54887218045113,33.96992481203007,46.48571428571429,9.328571428571427
2015,13,0.08528957528957529,43.62406015037594,26.902255639097746,36.02857142857143,10.823376623376623
2015,14,0.06478764478764479,65.54135338345864,36.142857142857146,53.857142857142854,10.562337662337661
2015,15,0.15810077519379845,65.9624060150376,43.015037593984964,55.57142857142857,11.148051948051947
2015,16,0.058957528957528954,71.33082706766918,47.51127819548872,61.65714285714286,7.792207792207792
2015,17,0.16332046332046332,57.390977443609025,36.2406015037594,48.68571428571428,12.041558441558442
2015,18,0.006756756756756757,69.2406015037594,40.3609022556391,57.42857142857143,7.102597402597402
2015,19,0.2930501930501931,77.86466165413533,58.18796992481203,68.37142857142857,8.483116883116883
2015,20,0.16054054054054054,71.9172932330827,53.07518796992481,63.25714285714286,10.842857142857143
2015,21,0.046216216216216216,70.17557251908397,48.3206106870229,60.51428571428571,8.91948051948052
2015,22,0.2724710424710424,77.09022556390977,58.714285714285715,68.94285714285714,10.702597402597403
2015,23,0.05725868725868726,76.74436090225564,55.015037593984964,67.94285714285714,7.712987012987012
2015,24,0.507027027027027,84.69924812030075,65.01503759398496,75.85714285714286,8.163636363636364
2015,25,0.36389105058365756,80.12121212121212,64.28030303030303,72.85714285714286,7.526666666666666
2015,26,0.29894941634241246,78.92481203007519,62.67669172932331,72.22857142857143,7.596052631578947
2015,27,0.09204633204633204,78.19548872180451,59.330827067669176,70.48571428571428,5.597402597402597
2015,28,0.3514285714285714,77.80451127819549,61.142857142857146,70.54285714285714,6.561038961038961
2015,29,0.2068604651162791,85.93233082706767,67.74436090225564,79.34285714285714,7.8909090909090915
2015,30,0.02382239382239382,83.81954887218045,63.89473684210526,75.51428571428572,4.522077922077922
2015,31,0.07235521235521235,87.28571428571429,65.32330827067669,78.08571428571429,6.641558441558441
2015,32,0.05972972972972973,82.53383458646617,62.65413533834587,74.45714285714286,5.327272727272727
2015,33,0.07285714285714286,85.203007518797,64.01503759398496,76.08571428571429,4.515584415584415
2015,34,0.22416988416988418,80.17293233082707,60.17293233082707,71.25714285714285,7.858441558441559
2015,35,0.0545945945945946,75.81954887218045,55.64661654135338,67.17142857142858,5.455844155844156
2015,36,0.04984496124031008,89.57142857142857,67.41353383458646,79.91428571428571,5.1805194805194805
2015,37,0.2295736434108527,78.30075187969925,57.65413533834587,69.14285714285714,5.802597402597403
2015,38,0.2676447876447876,80.33082706766918,56.1203007518797,70.22857142857143,8.514285714285714
2015,39,0.00015444015444015445,79.90977443609023,53.87218045112782,68.17142857142858,5.332467532467532
2015,40,0.015598455598455598,67.93233082706767,50.18045112781955,58.97142857142857,10.971428571428572
2015,41,0.008171206225680934,72.38345864661655,48.88721804511278,61.48571428571429,6.2727272727272725
2015,42,0.0,66.25563909774436,39.45864661654135,54.02857142857143,8.128947368421052
2015,43,0.05607142857142857,71.44360902255639,47.93984962406015,61.0,10.28961038961039
2015,44,0.21356589147286822,57.53383458646616,39.766917293233085,49.628571428571426,9.892207792207794
2015,45,0.04108527131782946,64.66917293233082,42.278195488721806,54.02857142857143,7.811688311688312
2015,46,0.05583011583011583,58.81954887218045,32.714285714285715,47.05714285714286,10.3
2015,47,0.3787258687258687,49.46616541353384,32.96992481203007,43.31428571428572,12.988311688311688
2015,48,0.18795366795366794,48.31578947368421,32.54135338345865,40.91428571428571,11.105194805194806
2015,49,0.07701550387596899,42.78195488721804,30.25563909774436,37.08571428571429,7.783116883116882
2015,50,0.05961389961389961,54.96992481203007,40.10526315789474,48.34285714285714,10.24935064935065
2015,51,0.14108527131782944,45.48872180451128,30.360902255639097,38.48571428571429,12.985714285714286
2015,52,0.3668992248062015,49.51127819548872,35.96212121212121,42.4,12.146753246753246
2015,53,0.46959459459459457,34.53333333333333,28.36842105263158,30.55,12.372727272727273
2016,1,0.06826254826254827,37.13533834586466,22.593984962406015,29.428571428571427,9.994285714285715
2016,2,0.013643410852713178,32.02255639097744,11.977443609022556,21.785714285714285,12.141428571428571
2016,3,0.015952380952380954,23.93984962406015,8.864661654135338,17.071428571428573,7.589999999999999
2016,4,0.008416988416988418,42.48872180451128,27.909774436090224,35.5,11.311428571428573
2016,5,0.07837837837837838,42.962406015037594,26.887218045112782,34.0,9.622857142857143
2016,6,0.012162162162162161,24.842105263157894,11.24812030075188,18.392857142857142,10.685714285714285
2016,7,0.020540540540540542,45.78947368421053,28.25563909774436,38.25,9.967142857142857
2016,8,0.04521400778210116,46.774436090225564,29.75187969924812,39.464285714285715,12.75
2016,9,0.02965250965250965,45.86466165413534,25.68421052631579,35.92857142857143,10.028571428571428
2016,10,0.10652509652509652,61.88721804511278,44.17293233082707,53.857142857142854,8.915714285714285
2016,11,0.09903100775193799,56.69924812030075,39.38345864661654,47.785714285714285,9.784285714285714
2016,12,0.12803088803088802,56.19548872180451,34.78947368421053,45.57142857142857,11.852857142857143
2016,13,0.1481081081081081,59.46616541353384,35.609022556390975,48.67857142857143,12.424285714285714
2016,14,0.1015830115830116,50.24812030075188,31.984962406015036,43.214285714285715,12.898571428571428
2016,15,0.044054054054054055,66.19548872180451,38.6015037593985,55.035714285714285,8.124285714285715
2016,16,0.08498069498069499,72.28571428571429,47.54545454545455,61.142857142857146,7.398571428571429
2016,17,0.21138996138996138,64.62121212121212,48.916666666666664,56.57142857142857,10.54
2016,18,0.07185328185328185,68.072,44.69166666666667,58.32142857142857,8.468571428571428
2016,19,0.30591439688715955,67.01587301587301,48.8780487804878,58.42857142857143,9.962857142857143
2016,20,0.019111969111969114,69.53968253968254,46.23015873015873,59.642857142857146,6.567142857142857
2016,21,0.1213899613899614,83.24193548387096,61.443548387096776,73.46428571428571,9.435714285714285
2016,22,0.1515891472868217,81.83969465648855,61.10687022900763,72.25,5.744285714285715
2016,23,0.03170542635658915,83.58646616541354,60.255639097744364,74.25,8.015942028985508
2016,24,0.16612403100775194,88.06766917293233,64.36842105263158,77.96428571428571,7.344285714285714
2016,25,0.20108108108108108,87.95488721804512,66.39097744360902,79.07142857142857,7.678571428571429
2016,26,0.0622568093385214,78.69172932330827,57.278195488721806,70.03571428571429,5.88
2016,27,0.2345136186770428,82.84962406015038,64.66165413533835,74.89285714285714,6.127142857142857
2016,28,0.1694186046511628,84.9624060150376,65.48872180451127,75.89285714285714,7.898571428571429
2016,29,0.3600790513833992,88.83464566929133,69.86614173228347,80.77272727272727,5.740625
2016,30,0.11873015873015874,84.73809523809524,66.9047619047619,76.23809523809524,4.587301587301587
2016,31,0.0751984126984127,85.15079365079364,66.14285714285714,76.0952380952381,4.519047619047619
2016,32,0.22653386454183266,85.74603174603175,67.88095238095238,77.66666666666667,4.988888888888889
2016,33,0.29809523809523814,82.21428571428571,65.6984126984127,74.61904761904762,6.287301587301588
2016,34,0.2746031746031746,83.25396825396825,64.0,73.95238095238095,5.86031746031746
2016,35,0.10764940239043824,81.31746031746032,60.80952380952381,71.28571428571429,6.126984126984127
2016,36,0.2738056680161943,83.97520661157024,64.07438016528926,74.47619047619048,7.210344827586207
2016,37,0.061551020408163265,81.34453781512605,59.63865546218487,70.95238095238095,6.085714285714286
2016,38,0.06575510204081632,86.09243697478992,62.109243697478995,74.9047619047619,5.8875
2016,39,0.08851851851851852,70.04237288135593,53.61864406779661,61.57142857142857,8.491071428571429
2016,40,0.10540983606557376,73.6470588235294,50.91525423728814,63.142857142857146,6.785714285714286
2016,41,0.07971428571428572,71.36134453781513,47.26890756302521,60.523809523809526,8.95
2016,42,0.058081632653061224,69.84873949579831,47.30252100840336,59.857142857142854,9.735714285714286
2016,43,0.12183673469387755,63.87394957983193,44.27731092436975,56.23809523809524,9.344642857142857
2016,44,0.10774590163934426,68.58474576271186,46.96610169491525,58.523809523809526,6.760714285714286
2016,45,0.014040816326530613,59.72268907563025,35.260504201680675,48.523809523809526,7.491071428571429
2016,46,0.019510204081632655,58.97478991596638,35.02521008403362,48.142857142857146,10.398214285714285
2016,47,0.0873469387755102,44.621848739495796,31.81512605042017,39.142857142857146,9.001818181818182
2016,48,0.16912500000000003,44.017857142857146,34.13513513513514,39.714285714285715,10.12857142857143
2016,49,0.062058823529411763,31.651785714285715,23.196428571428573,28.38095238095238,9.907142857142857
2016,50,0.04641025641025641,24.223214285714285,7.357142857142857,17.095238095238095,10.12142857142857
2016,51,0.01957983193277311,34.9375,19.026785714285715,27.952380952380953,8.692592592592591
2016,52,0.05612745098039215,43.53125,25.604166666666668,37.111111111111114,13.049999999999999
2016,53,0.0,33.70175438596491,21.736842105263158,27.666666666666668,10.466666666666667
2017,1,0.035824175824175825,25.728571428571428,9.25,17.942857142857143,9.32077922077922
2017,2,0.06175824175824176,39.24285714285714,21.814285714285713,29.457142857142856,10.76883116883117
2017,3,0.20036630036630038,47.24285714285714,35.128571428571426,40.34285714285714,8.135064935064936
2017,4,0.011501831501831502,37.77142857142857,29.285714285714285,33.6,11.251948051948052
2017,5,0.0017948717948717949,37.792857142857144,19.97142857142857,29.942857142857143,10.162337662337663
2017,6,0.05948339483394834,46.72857142857143,24.442857142857143,36.114285714285714,11.287012987012988
2017,7,0.0006593406593406593,56.70503597122302,30.2,43.857142857142854,8.167532467532467
2017,8,0.038864468864468864,58.392857142857146,36.65714285714286,48.08571428571429,10.910389610389611
2017,9,0.1180952380952381,52.726618705035975,31.014285714285716,42.74285714285714,11.842857142857143
2017,10,0.0626007326007326,50.48571428571429,31.9,41.457142857142856,11.945454545454545
2017,11,0.04247232472324723,42.726618705035975,23.264285714285716,34.2,9.688311688311689
2017,12,0.12036630036630036,59.50359712230216,38.7,49.31428571428572,11.288311688311689
2017,13,0.2445054945054945,55.364285714285714,40.57142857142857,47.714285714285715,9.066233766233767
2017,14,0.20673992673992672,60.40714285714286,42.207142857142856,52.114285714285714,12.568831168831169
2017,15,0.17882352941176471,72.27857142857142,48.33571428571429,62.25714285714286,9.972727272727273
2017,16,0.028278388278388276,69.99285714285715,45.97142857142857,59.114285714285714,9.510389610389609
2017,17,0.5056043956043956,65.95,45.52142857142857,55.02857142857143,11.222077922077922
2017,18,0.2016849816849817,59.72857142857143,41.57142857142857,52.17142857142857,11.127272727272727
2017,19,0.16494505494505496,74.24285714285715,49.73571428571429,63.857142857142854,7.362337662337662
2017,20,0.24340659340659343,77.40714285714286,56.16428571428571,67.0,12.922077922077921
2017,21,0.12846153846153846,71.71428571428571,53.214285714285715,62.22857142857143,7.336363636363636
2017,22,0.015882352941176472,82.28985507246377,55.89855072463768,70.4,6.1688311688311686
2017,23,0.00673992673992674,84.49285714285715,58.32374100719424,73.65714285714286,9.636363636363637
2017,24,0.21161172161172162,88.96428571428571,67.95,79.25714285714285,8.75974025974026
2017,25,0.09315018315018316,81.60714285714286,60.121428571428574,72.0,8.376623376623376
2017,26,0.12011029411764707,81.22857142857143,58.589928057553955,70.57142857142857,7.658441558441559
2017,27,0.037142857142857144,86.99285714285715,64.90714285714286,77.42857142857143,5.685714285714286
2017,28,0.21,84.97857142857143,65.7,77.14285714285714,6.979220779220779
2017,29,0.36025641025641025,89.63571428571429,67.60714285714286,79.94285714285714,5.712987012987012
2017,30,0.13589743589743591,82.8695652173913,62.357142857142854,73.8,6.585714285714286
2017,31,0.04941391941391941,80.97857142857143,59.68571428571428,71.42857142857143,5.224675324675325
2017,32,0.03304029304029304,80.44285714285714,56.56428571428572,69.88571428571429,4.931168831168831
2017,33,0.06175824175824176,84.5,63.02857142857143,74.34285714285714,5.932467532467532
2017,34,0.09183150183150184,79.2,57.47142857142857,68.88571428571429,6.04025974025974
2017,35,0.08095238095238096,77.8,54.52142857142857,66.48571428571428,5.709090909090909
2017,36,0.0035555555555555553,75.75912408759125,50.07299270072993,63.457142857142856,6.897333333333333
2017,37,0.010789473684210526,81.45864661654136,55.27067669172932,69.0,5.314285714285714
2017,38,0.07454887218045113,88.9624060150376,64.33834586466165,76.68571428571428,5.182857142857143
2017,39,0.0006015037593984962,79.3984962406015,52.3984962406015,65.97142857142858,6.251428571428572
2017,40,0.1563157894736842,77.61654135338345,59.03007518796993,68.68571428571428,8.478571428571428
2017,41,0.5853007518796992,71.13533834586467,53.0,61.714285714285715,8.471428571428572
2017,42,0.03943609022556391,72.33082706766918,46.714285714285715,59.8,8.555714285714286
2017,43,0.15939622641509435,53.278195488721806,36.932330827067666,45.02857142857143,9.998571428571429
2017,44,0.06710526315789474,52.5187969924812,38.045112781954884,45.57142857142857,9.084285714285715
2017,45,0.04147169811320755,45.015037593984964,28.37593984962406,36.25714285714286,7.814285714285714
2017,46,0.17981203007518795,47.954887218045116,30.56390977443609,39.885714285714286,10.335714285714285
2017,47,0.0010526315789473686,51.721804511278194,27.113636363636363,40.48571428571429,9.617142857142857
2017,48,0.0028517110266159697,57.38461538461539,30.589147286821706,44.94285714285714,7.227142857142857
2017,49,0.0241015625,41.983870967741936,23.298387096774192,34.02857142857143,13.048529411764704
2017,50,0.0045238095238095246,41.54761904761905,22.96031746031746,32.77142857142857,10.46142857142857
2017,51,0.030793650793650793,41.73809523809524,28.150793650793652,35.31428571428572,8.545714285714286
2017,52,0.030687285223367698,17.78082191780822,2.664383561643836,10.175,7.701234567901234
2018,1,0.08140740740740741,16.961783439490446,-2.656050955414013,8.5,8.832183908045977
2018,2,0.04794117647058824,36.0,18.202898550724637,27.514285714285716,11.712987012987012
2018,3,0.01970464135021097,32.41726618705036,14.028571428571428,24.34285714285714,11.125974025974026
2018,4,0.10743697478991597,46.885714285714286,28.957142857142856,38.94285714285714,10.974025974025974
2018,5,0.005377777777777777,35.768115942028984,14.693430656934307,26.34285714285714,11.672727272727272
2018,6,0.1030593607305936,25.05,7.485714285714286,16.457142857142856,8.144155844155845
2018,7,0.01990950226244344,40.51428571428571,18.179856115107913,29.514285714285716,8.849350649350649
2018,8,0.4950222222222222,48.714285714285715,32.18571428571428,39.2,12.148051948051947
2018,9,0.0654468085106383,54.392857142857146,32.25714285714286,43.885714285714286,9.361038961038961
2018,10,0.0640506329113924,41.535714285714285,25.914285714285715,33.77142857142857,10.279220779220779
2018,11,0.03987394957983193,47.96402877697842,25.58992805755396,37.51428571428571,9.207792207792208
2018,12,0.0988655462184874,46.94285714285714,28.035714285714285,37.94285714285714,11.96883116883117
2018,13,0.16050420168067228,50.08571428571429,32.52142857142857,41.22857142857143,9.263636363636364
2018,14,0.06622881355932203,43.17142857142857,22.6,32.77142857142857,9.971428571428572
2018,15,0.15722689075630253,56.47142857142857,37.614285714285714,47.48571428571429,11.75921052631579
2018,16,0.026176470588235298,53.607142857142854,32.357142857142854,42.97142857142857,10.68051948051948
2018,17,0.013755274261603374,66.15,39.121428571428574,55.34285714285714,8.645454545454546
2018,18,0.13672268907563026,79.40287769784173,53.23571428571429,68.85714285714286,11.107792207792206
2018,19,0.10621848739495798,78.04285714285714,52.99285714285714,66.51428571428572,8.853246753246754
2018,20,0.11974789915966387,79.9,57.80714285714286,69.37142857142857,7.394805194805195
2018,21,0.13248945147679325,84.5072463768116,60.731884057971016,73.2,5.14025974025974
2018,22,0.1689075630252101,86.84285714285714,64.6,77.05714285714286,7.131168831168831
2018,23,0.2254201680672269,83.62857142857143,60.09285714285714,73.57142857142857,6.8999999999999995
2018,24,0.17725321888412016,84.92142857142858,65.81428571428572,76.45714285714286,6.963636363636364
2018,25,0.42858369098712445,82.0,66.28571428571429,74.11428571428571,6.572727272727273
2018,26,0.11756302521008404,86.25714285714285,67.82857142857142,77.62857142857143,8.074025974025975
2018,27,0.12911764705882353,86.57857142857142,64.55395683453237,76.74285714285715,5.606493506493506
2018,28,0.12253164556962025,88.22142857142858,66.19285714285714,78.85714285714286,5.364935064935065
2018,29,0.09919831223628693,83.00714285714285,64.83571428571429,74.51428571428572,7.91038961038961
2018,30,0.03936974789915966,81.3,60.02142857142857,71.8,5.072727272727273
2018,31,0.0738235294117647,84.07857142857142,62.52857142857143,74.28571428571429,5.603896103896104
2018,32,0.12865546218487395,85.93571428571428,65.45,76.4,4.661038961038961
2018,33,0.1575,84.56428571428572,65.73571428571428,75.51428571428572,4.311688311688312
2018,34,0.2,80.81428571428572,62.32857142857143,72.25714285714285,8.03116883116883
2018,35,0.3152244897959184,85.57857142857142,66.62589928057554,76.48571428571428,8.422077922077921
2018,36,0.42362139917695474,80.61151079136691,65.31159420289855,72.85714285714286,8.971052631578948
2018,37,0.0,83.83458646616542,57.43609022556391,70.57142857142857,3.798571428571428
2018,38,0.03788135593220339,84.32330827067669,59.87218045112782,71.2,6.828571428571428
2018,39,0.09592436974789915,71.81954887218045,49.57575757575758,59.97142857142857,6.655714285714286
2018,40,0.29163865546218487,78.06015037593986,57.1578947368421,65.37142857142857,8.918571428571427
2018,41,0.12878151260504203,64.55639097744361,47.067669172932334,55.68571428571428,9.201428571428572
2018,42,0.026624472573839663,55.56390977443609,31.57894736842105,44.68571428571428,8.685714285714285
2018,43,0.04164556962025317,57.61654135338346,36.13533834586466,47.51428571428571,7.104285714285714
2018,44,0.16673728813559321,57.59848484848485,39.803030303030305,49.285714285714285,8.528571428571428
2018,45,0.0961965811965812,42.93984962406015,29.345864661654137,35.94285714285714,9.762857142857143
2018,46,0.0382608695652174,35.54887218045113,22.721804511278197,29.542857142857144,7.845714285714286
2018,47,0.07575757575757576,45.59398496240601,29.661654135338345,37.57142857142857,9.868571428571428
2018,48,0.23231441048034937,38.62015503875969,24.023076923076925,30.2,10.814285714285715
2018,49,0.016367713004484304,33.136,20.32,26.885714285714286,7.255714285714285
2018,50,0.06888392857142857,42.84920634920635,24.936507936507937,33.285714285714285,7.732857142857142
2018,51,0.015446428571428571,44.568,28.515873015873016,36.25714285714286,8.610000000000001
2018,52,0.09638392857142856,43.36507936507937,25.761904761904763,33.77142857142857,9.437142857142858
2019,1,0.10493548387096775,41.190184049079754,27.558282208588956,33.73684210526316,9.569047619047618
2019,2,0.11801498127340825,37.3469387755102,24.040816326530614,32.08571428571429,11.61948051948052
2019,3,0.05496268656716418,30.31972789115646,19.727891156462587,25.685714285714287,9.275324675324676
2019,4,0.12092592592592592,24.445205479452056,2.5684931506849313,13.571428571428571,10.337662337662337
2019,5,0.04018315018315018,24.598639455782312,2.802721088435374,13.714285714285714,11.04025974025974
2019,6,0.15342960288808663,35.04794520547945,18.84931506849315,26.257142857142856,10.287012987012988
2019,7,0.10655913978494624,34.6530612244898,18.918367346938776,26.62857142857143,12.154545454545454
2019,8,0.12057142857142857,38.136054421768705,22.08843537414966,29.97142857142857,11.467532467532468
2019,9,0.002733812949640288,31.877551020408163,16.210884353741495,23.62857142857143,9.166233766233766
2019,10,0.15244604316546764,31.84246575342466,16.041095890410958,23.885714285714286,11.61038961038961
2019,11,0.12039285714285715,50.36054421768708,31.285714285714285,41.0,11.6012987012987
2019,12,0.03885304659498208,51.417808219178085,30.73972602739726,42.51428571428571,7.576623376623377
2019,13,0.1992142857142857,54.23809523809524,32.8843537414966,45.0,10.096103896103896
2019,14,0.049357142857142856,57.843537414965986,37.68027210884354,48.857142857142854,8.467532467532468
2019,15,0.15267857142857144,61.6551724137931,40.41379310344828,50.68571428571428,12.550666666666666
2019,16,0.12510714285714286,65.63698630136986,40.6986301369863,54.97142857142857,11.631578947368421
2019,17,0.12774193548387097,64.52380952380952,43.925170068027214,54.885714285714286,9.603896103896103
2019,18,0.4643571428571429,62.10204081632653,45.48979591836735,54.22857142857143,7.953246753246753
2019,19,0.19053571428571428,64.55102040816327,46.3469387755102,55.371428571428574,9.328571428571427
2019,20,0.16025,74.14383561643835,50.93197278911565,64.02857142857142,8.592207792207793
2019,21,0.34475,74.48979591836735,55.72108843537415,65.08571428571429,10.263636363636364
2019,22,0.29907142857142854,79.31292517006803,59.17006802721088,69.91428571428571,7.681818181818182
2019,23,0.08742857142857142,82.49659863945578,60.91836734693877,73.08571428571429,8.225974025974025
2019,24,0.22603571428571428,76.02721088435374,55.40136054421769,66.85714285714286,9.475324675324675
2019,25,0.26235714285714284,76.79591836734694,60.55102040816327,69.22857142857143,6.998701298701298
2019,26,0.11078571428571428,87.30555555555556,65.84027777777777,77.22857142857143,7.04025974025974
2019,27,0.20261648745519714,89.0204081632653,69.7687074829932,79.48571428571428,6.131578947368421
2019,28,0.03507142857142857,88.3061224489796,65.8639455782313,78.88571428571429,5.679220779220779
2019,29,0.14766187050359714,89.5,72.12413793103448,80.87878787878788,8.005333333333333
2019,30,0.03465201465201465,84.00714285714285,61.714285714285715,74.85714285714286,6.775714285714286
2019,31,0.029304029304029304,83.90714285714286,60.67142857142857,73.82142857142857,4.825714285714286
2019,32,0.08505494505494506,85.29285714285714,62.357142857142854,75.17857142857143,4.648571428571429
2019,33,0.16032967032967035,82.79285714285714,65.55714285714286,74.5,5.707142857142857
2019,34,0.1324264705882353,80.83571428571429,61.75,71.82142857142857,5.868571428571428
2019,35,0.17533834586466165,78.01428571428572,59.41428571428571,68.92857142857143,6.665714285714286
2019,36,0.09958646616541354,78.27338129496403,57.65467625899281,68.85714285714286,5.622857142857143
2019,37,0.2985714285714286,83.57142857142857,63.067669172932334,74.35714285714286,7.26031746031746
2019,38,0.1800751879699248,83.21052631578948,64.0,74.64285714285714,6.650793650793651
2019,39,0.4948872180451127,77.12781954887218,56.932330827067666,67.67857142857143,7.703174603174603
2019,40,0.18042471042471045,75.00787401574803,55.44881889763779,65.78571428571429,8.387301587301588
2019,41,0.09918918918918919,66.73809523809524,41.476190476190474,54.32142857142857,7.792063492063492
2019,42,0.001003861003861004,61.48412698412698,38.42857142857143,50.857142857142854,7.04920634920635
2019,43,0.3014007782101167,57.29365079365079,39.833333333333336,48.67857142857143,10.504761904761905
2019,44,0.18267175572519084,45.542635658914726,29.86046511627907,37.57142857142857,9.0984126984127
2019,45,0.004360902255639098,46.29323308270677,27.25563909774436,38.07142857142857,8.541269841269841
2019,46,0.032651515151515154,35.2406015037594,15.894736842105264,26.321428571428573,7.86984126984127
2019,47,0.08045112781954887,46.0,30.849624060150376,39.392857142857146,8.12063492063492
2019,48,0.16409774436090224,47.59398496240601,32.59398496240601,40.214285714285715,11.292063492063491
2019,49,0.008571428571428572,44.06060606060606,26.353383458646615,36.32142857142857,9.206349206349206
2019,50,0.020566037735849058,37.82706766917293,20.353383458646615,30.928571428571427,8.987301587301587
2019,51,0.019886363636363636,35.65413533834587,18.338345864661655,28.5,8.146031746031747
2019,52,0.14473684210526316,54.954887218045116,33.07518796992481,45.714285714285715,8.81904761904762
2020,1,0.014,42.76190476190476,27.457142857142856,35.64,9.838181818181818
2020,2,0.2891729323308271,43.42465753424658,25.86394557823129,34.05714285714286,10.323376623376623
2020,3,0.12041825095057035,34.61904761904762,18.231292517006803,26.257142857142856,11.7
2020,4,0.07905660377358491,31.578231292517007,21.598639455782312,26.285714285714285,8.401298701298701
2020,5,0.010977443609022556,36.25170068027211,28.666666666666668,32.05714285714286,5.967532467532467
2020,6,0.0446969696969697,38.965986394557824,25.14965986394558,31.37142857142857,10.018181818181818
2020,7,0.06977443609022556,32.89115646258504,13.496598639455783,23.228571428571428,7.785714285714286
2020,8,0.034248120300751875,39.97278911564626,20.768707482993197,30.8,9.902597402597403
2020,9,0.0546360153256705,40.87755102040816,25.170068027210885,33.51428571428571,10.963636363636365
2020,10,0.019962406015037595,53.476190476190474,29.82191780821918,42.542857142857144,11.335064935064937
2020,11,0.1688721804511278,50.034013605442176,35.74149659863946,42.65714285714286,10.107792207792206
2020,12,0.1468421052631579,47.48979591836735,33.3469387755102,40.51428571428571,8.806493506493506
2020,13,0.14837121212121213,54.539568345323744,38.539568345323744,46.371428571428574,9.95974025974026
2020,14,0.009207547169811321,57.88194444444444,35.986111111111114,47.74285714285714,7.677631578947368
2020,15,0.06887218045112782,65.55102040816327,40.54109589041096,53.94285714285714,10.3
2020,16,0.08030188679245283,49.666666666666664,29.60958904109589,40.142857142857146,10.425974025974025
2020,17,0.21778195488721805,62.006802721088434,39.50340136054422,52.22857142857143,9.387012987012987
2020,18,0.272406015037594,69.12925170068027,46.10204081632653,59.68571428571428,9.977922077922077
2020,19,0.08037593984962406,59.142857142857146,38.61904761904762,50.542857142857144,9.981818181818182
2020,20,0.41597744360902256,66.92517006802721,47.42176870748299,57.8,8.571428571428571
2020,21,0.1681578947368421,70.41780821917808,55.89795918367347,63.114285714285714,8.489610389610391
2020,22,0.12951127819548874,79.80952380952381,59.70068027210884,69.85714285714286,7.624675324675325
2020,23,0.08781132075471698,85.95238095238095,62.53061224489796,75.42857142857143,7.825974025974026
2020,24,0.09560150375939849,82.83673469387755,59.7891156462585,72.37142857142857,10.393506493506493
2020,25,0.04774436090225564,85.14965986394557,59.95238095238095,73.68571428571428,5.074025974025973
2020,26,0.2450751879699248,83.88356164383562,63.14383561643836,74.08571428571429,6.64
2020,27,0.09052830188679245,87.9448275862069,68.57142857142857,78.91428571428571,5.220779220779221
2020,28,0.1931954887218045,89.81632653061224,67.98630136986301,80.05714285714286,5.325675675675676
2020,29,0.2069433962264151,85.10204081632654,65.55102040816327,76.71428571428571,7.001298701298702
2020,30,0.16631578947368422,85.68707482993197,66.38095238095238,77.11428571428571,5.023376623376624
2020,31,0.17406015037593983,82.5374149659864,64.89795918367346,74.85714285714286,5.68961038961039
2020,32,0.029398496240601504,79.34693877551021,57.925170068027214,69.68571428571428,5.709090909090909
2020,33,0.09373584905660377,85.5578231292517,63.102739726027394,74.97142857142858,5.088311688311689
2020,34,0.011729323308270678,83.3265306122449,58.02721088435374,72.11428571428571,4.544155844155844
2020,35,0.010827067669172933,88.39455782312925,66.18367346938776,78.37142857142857,5.857142857142857
2020,36,0.12580152671755726,81.80952380952381,58.183673469387756,70.88571428571429,6.707792207792208
2020,37,0.40496062992125986,74.61194029850746,59.57462686567164,65.34285714285714,7.443939393939394
2020,38,3.968253968253968e-05,74.57894736842105,49.21804511278196,62.4,5.719047619047619
2020,39,0.01146825396825397,77.78947368421052,51.69172932330827,65.77142857142857,6.309523809523809
2020,40,0.09067460317460319,62.76335877862596,42.285714285714285,52.25714285714286,7.1000000000000005
2020,41,0.00023809523809523812,76.53383458646617,46.97744360902256,62.371428571428574,6.9111111111111105
2020,42,0.01908730158730159,68.54135338345864,37.909774436090224,54.6,9.812698412698413
2020,43,0.22865079365079363,57.88721804511278,40.64661654135338,46.885714285714286,9.526984126984127
2020,44,0.04853174603174603,48.766917293233085,32.0,40.6,8.798412698412697
2020,45,0.0,69.14285714285714,39.84848484848485,55.34285714285714,8.482539682539683
2020,46,0.13936507936507936,59.50375939849624,36.0,48.42857142857143,11.56984126984127
2020,47,0.04888888888888889,54.526315789473685,35.18796992481203,45.51428571428571,11.207936507936509
2020,48,0.15,48.166666666666664,32.404580152671755,40.65714285714286,7.647619047619048
2020,49,0.000819672131147541,42.91269841269841,22.452380952380953,32.628571428571426,6.147619047619048
2020,50,0.13779591836734692,47.48412698412698,30.432,37.91428571428571,6.974603174603176
2020,51,0.003114754098360656,36.51587301587302,23.42063492063492,30.34285714285714,8.403174603174604
2020,52,0.015142857142857142,41.20634920634921,19.336,30.914285714285715,13.257142857142858
2020,53,0.1545,35.72222222222222,20.225352112676056,27.6,9.808333333333334
2021,1,0.0006589147286821706,32.51428571428571,24.535714285714285,28.571428571428573,7.395714285714287
2021,2,0.036833976833976836,36.66428571428571,25.928571428571427,32.77142857142857,9.464285714285714
2021,3,0.006525096525096525,35.59285714285714,16.978571428571428,27.571428571428573,9.334285714285715
2021,4,0.168203125,31.214285714285715,18.34285714285714,25.685714285714287,10.748571428571429
2021,5,0.06817120622568093,27.48905109489051,11.693430656934307,20.714285714285715,10.502739726027398
2021,6,0.02261904761904762,11.528571428571428,0.9214285714285714,5.514285714285714,10.42837837837838
2021,7,0.05920634920634921,19.928057553956833,-0.1956521739130435,11.685714285714285,8.598701298701299
2021,8,0.051389961389961394,47.107142857142854,28.235714285714284,39.17142857142857,9.972727272727273
2021,9,0.002664092664092664,49.369565217391305,24.384057971014492,38.285714285714285,7.355844155844156
2021,10,0.024324324324324322,61.410071942446045,38.13768115942029,51.285714285714285,11.185714285714285
2021,11,0.22451737451737452,48.65714285714286,31.914285714285715,40.82857142857143,12.211688311688311
2021,12,0.14548262548262547,58.72142857142857,40.864285714285714,50.285714285714285,10.911688311688312
2021,13,0.0017120622568093384,58.792857142857144,31.12142857142857,46.8,11.84155844155844
2021,14,0.2247104247104247,69.12142857142857,49.8,59.31428571428572,11.014285714285714
2021,15,0.012664092664092663,59.00714285714286,37.37410071942446,49.25714285714286,7.554545454545456
2021,16,0.033243243243243244,55.57857142857143,35.47857142857143,46.25714285714286,8.037662337662338
2021,17,0.1194980694980695,75.92086330935251,49.55714285714286,65.4,12.951948051948051
2021,18,0.24895752895752898,64.00714285714285,43.357142857142854,55.2,8.774025974025975
2021,19,0.06359073359073358,64.53571428571429,40.621428571428574,54.857142857142854,5.622077922077922
2021,20,0.16115830115830115,77.27857142857142,61.82857142857143,69.6,9.15844155844156
2021,21,0.1450965250965251,74.51428571428572,53.6,64.42857142857143,8.974025974025974
2021,22,0.007992277992277991,80.87769784172662,57.39568345323741,70.91428571428571,6.651948051948053
2021,23,0.08027027027027027,88.67142857142858,66.92857142857143,79.45714285714286,5.076623376623377
2021,24,0.12088803088803088,87.13571428571429,61.628571428571426,77.08571428571429,7.329870129870129
2021,25,0.4416988416988417,79.83571428571429,61.964285714285715,72.14285714285714,9.97012987012987
2021,26,0.18154440154440155,82.94285714285714,64.1,74.71428571428571,5.333766233766234
2021,27,0.14583011583011585,81.6,64.63571428571429,73.97142857142858,6.825974025974026
2021,28,0.21555984555984556,80.32142857142857,64.85,73.2,6.571052631578947
2021,29,0.05396078431372549,86.37777777777778,66.24444444444444,78.0,5.2972602739726025
2021,30,0.10246031746031746,84.0827067669173,64.14285714285714,75.89285714285714,5.454285714285715
2021,31,0.018452380952380953,83.1203007518797,60.849624060150376,73.53571428571429,5.594285714285714
2021,32,0.24464285714285713,85.06015037593986,65.76691729323308,76.10714285714286,7.308571428571429
2021,33,0.028247011952191235,85.31060606060606,63.61363636363637,74.96428571428571,3.815714285714286
2021,34,0.16011904761904763,90.03007518796993,68.17293233082707,78.92857142857143,5.975714285714286
2021,35,0.08119047619047619,79.78947368421052,59.774436090225564,70.60714285714286,5.768571428571429
2021,36,0.05793650793650794,83.0827067669173,57.556390977443606,71.21428571428571,7.238571428571428
2021,37,0.010119047619047618,86.0,59.07518796992481,72.85714285714286,6.171428571428572
2021,38,0.14583333333333334,75.97727272727273,51.93939393939394,64.78571428571429,9.614285714285714
2021,39,0.05876984126984127,84.16541353383458,58.984962406015036,71.82142857142857,6.047142857142857
2021,40,0.16412698412698412,75.65413533834587,60.89473684210526,68.21428571428571,6.5771428571428565
2021,41,0.26765873015873015,69.92481203007519,50.00751879699248,60.25,7.63623188405797
2021,42,0.13669322709163348,64.58333333333333,42.45864661654135,53.57142857142857,7.364705882352942
2021,43,0.35717131474103586,56.57142857142857,42.02255639097744,50.035714285714285,9.831428571428573
2021,44,3.968253968253968e-05,52.473684210526315,29.43609022556391,41.32142857142857,5.927142857142857
2021,45,0.06488095238095239,53.6390977443609,37.3984962406015,46.392857142857146,11.345714285714287
2021,46,0.022103174603174604,49.42857142857143,28.76691729323308,40.892857142857146,9.780000000000001
2021,47,0.01726190476190476,44.3984962406015,23.42105263157895,34.75,9.889999999999999
2021,48,0.018333333333333333,51.55555555555556,30.672,42.25,7.918571428571428
2021,49,0.12192622950819672,44.784,23.99206349206349,34.535714285714285,11.677142857142856
2021,50,0.03824489795918367,50.214285714285715,30.063492063492063,40.57142857142857,10.860000000000001
2021,51,0.011224489795918367,46.476190476190474,26.365079365079364,37.107142857142854,9.141428571428571
2021,52,0.1369142857142857,42.422222222222224,30.42222222222222,35.9,7.968
2021,53,0.23045454545454547,31.7,23.25,27.666666666666668,7.706666666666666
2022,1,0.010555555555555556,26.507142857142856,7.1571428571428575,16.428571428571427,12.487012987012987
2022,2,0.01208,35.142857142857146,16.385714285714286,26.17142857142857,8.512987012987013
2022,3,0.01138888888888889,31.37142857142857,10.157142857142857,20.6,10.944155844155844
2022,4,0.01088,27.75,5.585714285714285,18.485714285714284,9.167123287671233
2022,5,0.10497959183673469,30.464285714285715,10.95,21.542857142857144,11.528571428571428
2022,6,0.032023809523809524,35.42142857142857,18.07857142857143,27.82857142857143,10.174285714285714
2022,7,0.13469635627530366,39.90714285714286,15.928571428571429,29.0,12.968571428571428
2022,8,0.09419354838709677,37.84285714285714,19.48201438848921,29.057142857142857,9.98611111111111
2022,9,0.04908730158730158,56.81428571428572,31.107913669064747,44.08571428571429,10.212987012987012
2022,10,0.0821774193548387,37.292857142857144,20.214285714285715,28.02857142857143,10.212987012987012
2022,11,0.09321428571428571,62.55395683453237,36.65942028985507,50.0,8.337662337662337
2022,12,0.15630952380952381,53.194244604316545,36.44285714285714,45.371428571428574,11.964473684210526
2022,13,0.22968253968253968,48.72857142857143,30.685714285714287,39.94285714285714,10.544736842105262
2022,14,0.1344047619047619,53.50714285714286,34.80714285714286,44.82857142857143,11.812987012987014
2022,15,0.10944444444444446,60.542857142857144,35.75,49.285714285714285,11.458666666666666
2022,16,0.1538095238095238,63.457142857142856,45.115107913669064,54.857142857142854,12.645205479452056
2022,17,0.10384920634920636,63.10791366906475,42.82857142857143,52.82857142857143,11.838157894736844
2022,18,0.1956746031746032,61.207142857142856,45.19285714285714,53.94285714285714,9.66103896103896
2022,19,0.028095238095238097,87.54285714285714,63.15,77.22857142857143,9.068831168831169
2022,20,0.14406374501992034,76.80434782608695,53.44202898550725,65.42857142857143,8.761038961038961
2022,21,0.16194444444444445,73.3,53.66428571428571,64.34285714285714,10.188311688311689
2022,22,0.03940239043824702,81.93525179856115,59.726618705035975,71.88571428571429,8.326315789473684
2022,23,0.1406349206349206,79.10714285714286,58.964285714285715,69.85714285714286,5.974025974025974
2022,24,0.06726190476190476,90.66187050359713,66.42142857142858,79.97142857142858,8.974025974025974
2022,25,0.12555555555555556,88.61428571428571,62.92142857142857,77.8,7.118181818181818
2022,26,0.031031746031746032,84.62589928057554,60.52857142857143,74.31428571428572,6.263636363636364
2022,27,0.2936111111111111,86.23571428571428,67.55,77.8,7.136363636363637
2022,28,0.13952191235059763,83.82142857142857,65.19285714285714,75.65714285714286,6.489610389610389
2022,29,0.13476,88.12949640287769,66.90647482014388,79.65714285714286,7.548051948051949
2022,30,0.05724,81.56115107913669,60.64748201438849,72.2,4.836363636363636
2022,31,0.23282868525896414,87.19424460431655,69.1376811594203,79.08571428571429,6.992957746478873
2022,32,0.16833333333333333,81.25,61.214285714285715,73.14285714285714,6.1414285714285715
2022,33,0.1788095238095238,81.39285714285714,59.44285714285714,71.22857142857143,5.361643835616438
2022,34,0.07436507936507936,83.35036496350365,61.11194029850746,73.28571428571429,4.635064935064935
2022,35,0.15063492063492065,83.28571428571429,61.77205882352941,73.22857142857143,6.0
2022,36,0.12325396825396827,79.70588235294117,58.34074074074074,69.68571428571428,5.193506493506494
2022,37,0.12713147410358566,79.55474452554745,56.02205882352941,68.62857142857143,5.966233766233766
2022,38,0.11826612903225805,78.70588235294117,55.779411764705884,67.42857142857143,7.538356164383561
2022,39,0.0012244897959183673,68.75187969924812,40.669172932330824,55.114285714285714,6.425714285714286
2022,40,0.008489795918367347,70.13533834586467,38.62406015037594,54.74285714285714,5.131428571428572
2022,41,0.09436734693877552,64.94736842105263,39.21052631578947,52.542857142857144,8.837142857142858
2022,42,0.0002857142857142857,63.10526315789474,36.92481203007519,50.457142857142856,11.752857142857144
2022,43,0.17477551020408164,63.766917293233085,40.796992481203006,51.82857142857143,8.03857142857143
2022,44,0.12722448979591838,69.02255639097744,44.86259541984733,57.51428571428571,9.897142857142857
2022,45,0.00363265306122449,56.81954887218045,36.21804511278196,46.714285714285715,10.17
2022,46,0.02840816326530612,35.278195488721806,21.157894736842106,28.514285714285716,10.797142857142859
2022,47,0.08155102040816327,52.857142857142854,26.67669172932331,41.02857142857143,6.7371428571428575
2022,48,0.019306122448979595,45.54887218045113,23.69172932330827,34.885714285714286,12.362857142857143
2022,49,0.06710204081632654,44.015037593984964,32.60606060606061,38.25714285714286,5.908571428571429
2022,50,0.23689795918367346,37.2406015037594,27.24812030075188,32.57142857142857,12.035714285714286
2022,51,0.013099173553719009,23.946969696969695,4.909774436090226,13.6,12.360000000000001
2022,52,0.06774999999999999,39.27272727272727,20.40909090909091,29.725,11.365853658536585
2023,1,0.10183453237410071,41.821917808219176,30.08843537414966,35.51428571428571,7.941666666666667
2023,2,0.00975,42.59863945578231,27.1156462585034,34.68571428571428,9.244047619047619
2023,3,0.1300357142857143,41.46258503401361,31.46938775510204,36.371428571428574,10.104819277108435
2023,4,0.070431654676259,35.72789115646258,21.231292517006803,27.97142857142857,10.198809523809524
2023,5,0.0013214285714285715,30.374149659863946,8.387755102040817,20.314285714285713,9.726190476190476
2023,6,0.12494623655913978,47.183673469387756,24.918367346938776,36.34285714285714,9.123809523809523
2023,7,0.06132616487455197,46.863945578231295,27.836734693877553,38.0,12.298809523809522
2023,8,0.14863799283154122,45.25170068027211,26.285714285714285,35.542857142857144,9.403571428571428
2023,9,0.2065,52.285714285714285,32.6530612244898,42.285714285714285,10.167857142857143
2023,10,0.09623655913978495,47.244897959183675,33.93877551020408,40.457142857142856,11.217857142857142
2023,11,0.07407142857142858,40.564625850340136,22.891156462585034,32.57142857142857,12.43452380952381
2023,12,0.17960714285714285,52.17687074829932,33.12244897959184,43.0,11.020238095238096
2023,13,0.11035714285714285,56.93877551020408,32.19047619047619,45.65714285714286,11.076190476190476
2023,14,0.0914642857142857,65.95918367346938,37.63265306122449,53.0,10.441666666666666
2023,15,0.06835714285714285,76.70068027210884,45.98639455782313,63.25714285714286,10.058333333333334
2023,16,0.08532374100719424,61.27210884353742,37.91836734693877,50.114285714285714,11.475
2023,17,0.03892857142857143,60.85034013605442,36.38775510204081,50.371428571428574,8.033734939759036
2023,18,0.09035714285714286,69.48299319727892,44.97260273972603,59.714285714285715,10.889285714285714
2023,19,0.19592857142857142,76.95918367346938,56.523809523809526,67.6,7.622619047619047
2023,20,0.061321428571428575,74.78231292517007,50.06849315068493,63.114285714285714,6.976190476190476
2023,21,0.0,79.63698630136986,49.73287671232877,66.88571428571429,6.685714285714286
2023,22,0.026107142857142857,88.91156462585035,60.244897959183675,76.42857142857143,5.354761904761905
2023,23,0.02978494623655914,81.51700680272108,52.585034013605444,69.51428571428572,6.036144578313253
2023,24,0.02825,79.67808219178082,53.95205479452055,69.4,6.889285714285715
2023,25,0.06592857142857143,88.40816326530613,61.99315068493151,77.42857142857143,7.798809523809524
2023,26,0.22025270758122742,82.90972222222223,64.02777777777777,73.8,6.880722891566266
2023,27,0.20525,84.10884353741497,62.97278911564626,74.31428571428572,5.245238095238095
2023,28,0.19974910394265233,85.42857142857143,63.30612244897959,75.74285714285715,6.215476190476191
2023,29,0.027661870503597124,83.04081632653062,60.68707482993197,72.88571428571429,4.8238095238095235
2023,30,0.15803571428571428,89.95918367346938,67.4625850340136,80.68571428571428,6.1650602409638555
2023,31,0.17333333333333334,82.49659863945578,64.10204081632654,73.68571428571428,5.669047619047619
2023,32,0.20914285714285716,81.80272108843538,62.69387755102041,72.22857142857143,5.435365853658537
2023,33,0.10903571428571429,80.44897959183673,58.816326530612244,71.08571428571429,7.060714285714286
2023,34,0.05189285714285714,89.84246575342466,69.48979591836735,80.65714285714286,6.816666666666667
2023,35,0.0036785714285714286,82.0,54.93150684931507,69.65714285714286,5.792857142857143
2023,36,0.058201438848920865,80.54794520547945,61.178082191780824,71.14285714285714,7.1012048192771084
2023,37,0.13742857142857143,75.41496598639456,50.8843537414966,63.4,4.475
2023,38,0.14975,78.9047619047619,56.904761904761905,68.42857142857143,6.159523809523809
2023,39,0.06960714285714285,80.71428571428571,57.523809523809526,69.68571428571428,4.960714285714285
2023,40,0.06521428571428572,74.48299319727892,51.06122448979592,63.285714285714285,6.983333333333333
2023,41,0.25,64.28571428571429,43.36734693877551,54.25714285714286,8.083333333333334
2023,42,0.03828571428571429,64.23809523809524,41.197278911564624,53.114285714285714,7.444047619047619
2023,43,0.1780935251798561,66.21917808219177,47.842465753424655,57.142857142857146,10.371428571428572
2023,44,0.014392857142857143,51.156462585034014,29.17687074829932,40.6,8.508333333333335
2023,45,0.006071428571428571,60.70068027210884,37.23972602739726,49.628571428571426,8.777380952380952
2023,46,0.0010357142857142856,62.12925170068027,30.44137931034483,47.42857142857143,6.851807228915663
2023,47,0.09548387096774194,44.265306122448976,30.79591836734694,37.34285714285714,8.411904761904761
2023,48,0.1439928057553957,40.51034482758621,26.65277777777778,33.77142857142857,8.416666666666666
2023,49,0.051947565543071166,46.97142857142857,33.17857142857143,40.57142857142857,10.8
2023,50,0.07120879120879121,46.5,28.285714285714285,37.48571428571429,6.758333333333334
2023,51,0.0610989010989011,45.707142857142856,32.02857142857143,40.42857142857143,8.38452380952381
2023,52,0.1031629392971246,43.50931677018634,32.39751552795031,38.375,9.096874999999999
2024,1,0.07225806451612904,37.75,28.13888888888889,33.37777777777778,7.6948453608247425
2024,2,0.2737735849056604,31.164285714285715,18.235714285714284,23.942857142857143,14.403896103896102
2024,3,0.013825757575757575,14.85,-2.3214285714285716,5.9714285714285715,10.17012987012987
2024,4,0.22905660377358492,37.79710144927536,30.414285714285715,35.02857142857143,7.354545454545454
2024,5,0.0030827067669172933,45.964285714285715,31.568345323741006,38.8,8.872727272727273
2024,6,0.004548872180451128,50.33571428571429,30.355072463768117,40.714285714285715,8.468
2024,7,0.026954887218045114,42.302158273381295,21.514285714285716,32.857142857142854,9.571428571428571
2024,8,0.0193609022556391,55.92857142857143,28.47142857142857,43.34285714285714,8.324675324675324
2024,9,0.02733082706766917,59.59285714285714,28.72142857142857,45.285714285714285,11.938961038961038
2024,10,0.19793233082706765,55.9,37.621428571428574,46.885714285714286,10.35064935064935
2024,11,0.09398496240601503,63.34285714285714,37.1,51.371428571428574,11.335064935064935
2024,12,0.01774436090225564,48.392857142857146,27.992805755395683,38.48571428571429,10.984415584415585
2024,13,0.17333333333333334,58.44604316546763,36.38405797101449,48.714285714285715,11.739473684210527
2024,14,0.29157894736842105,52.23571428571429,36.31428571428572,44.57142857142857,12.117105263157894
2024,15,0.08639097744360902,69.3,44.76258992805755,58.714285714285715,9.72857142857143
2024,16,0.09849624060150376,66.82857142857142,44.18571428571428,56.34285714285714,11.42987012987013
2024,17,0.26917293233082706,66.05,43.88235294117647,57.2,11.732894736842105
2024,18,0.18454545454545454,75.71942446043165,51.75,65.05714285714286,7.817105263157895
2024,19,0.15571428571428572,74.33812949640287,51.48550724637681,64.57142857142857,8.12463768115942
2024,20,0.10868421052631579,77.78260869565217,56.19565217391305,68.97058823529412,6.4125
2024,21,0.1503030303030303,81.44604316546763,59.15714285714286,71.14285714285714,9.711688311688311
2024,22,0.14772727272727273,75.65714285714286,54.628571428571426,66.17142857142858,7.3428571428571425
2024,23,0.12067669172932331,81.84285714285714,59.74285714285714,72.4,8.82077922077922
2024,24,0.044511278195488724,85.27142857142857,59.0863309352518,74.45714285714286,7.62077922077922
2024,25,0.15984962406015038,90.87142857142857,70.66428571428571,82.0,9.253246753246753
2024,26,0.16018796992481202,84.29285714285714,64.62142857142857,75.88571428571429,8.075324675324675
2024,27,0.12826415094339624,82.68571428571428,62.385714285714286,73.71428571428571,6.328571428571428
2024,28,0.32969924812030077,84.57142857142857,65.59285714285714,75.37142857142857,5.57012987012987
2024,29,0.22951127819548872,82.43571428571428,61.935251798561154,73.17142857142858,5.279220779220779
2024,30,0.07920754716981133,82.96428571428571,62.792857142857144,73.54285714285714,4.846753246753247
2024,31,0.17729323308270678,86.67857142857143,67.97142857142858,77.54285714285714,5.306493506493506
2024,32,0.030225563909774433,80.67857142857143,60.24285714285714,70.94285714285714,6.702597402597403
2024,33,0.20225563909774436,81.77857142857142,62.77142857142857,72.4,6.088311688311689
2024,34,0.00026315789473684215,80.4,56.82142857142857,69.85714285714286,5.55064935064935
2024,35,0.18875,88.4748201438849,66.70503597122303,77.94285714285714,6.013333333333334
2024,36,0.0028136882129277565,77.26428571428572,50.635714285714286,64.25714285714285,5.47922077922078
2024,37,0.010977443609022558,83.58571428571429,54.8,69.34285714285714,5.066233766233767
2024,38,0.05578947368421053,87.62142857142857,58.17142857142857,73.37142857142857,4.3441558441558445
2024,39,0.18673003802281368,74.44202898550725,57.7463768115942,66.37142857142857,7.716176470588236
2024,40,0.023157894736842106,78.11510791366906,50.785714285714285,65.77142857142857,7.061333333333334
2024,41,0.00018867924528301889,76.65467625899281,45.26618705035971,60.48571428571429,5.9828947368421055
2024,42,0.005509433962264151,65.33093525179856,35.62589928057554,51.05714285714286,6.830666666666666
2024,43,0.06781954887218045,69.42857142857143,39.30714285714286,55.8,6.741558441558442
2024,44,0.0580377358490566,69.08571428571429,45.65,58.48571428571429,12.414285714285715
2024,45,0.35654135338345866,61.792857142857144,46.51798561151079,54.17142857142857,8.586666666666666
2024,46,0.048566037735849055,55.22857142857143,38.642857142857146,47.371428571428574,8.215584415584416
2024,47,0.09742307692307693,51.81428571428572,37.87407407407407,45.68571428571428,11.828947368421053
2024,48,0.015037593984962405,38.381294964028775,23.142857142857142,31.37142857142857,9.248051948051948
2024,49,0.0030681818181818184,37.115107913669064,16.381294964028775,28.142857142857142,11.001449275362319
2024,50,0.0929811320754717,38.1,22.478571428571428,30.542857142857144,9.610144927536233
2024,51,0.024597701149425288,39.58273381294964,24.06474820143885,32.82857142857143,9.084057971014492
2024,52,0.09454198473282442,46.32857142857143,36.52857142857143,42.0,8.367142857142857
2025,1,0.02456521739130435,30.357894736842105,18.57894736842105,24.0,10.25090909090909
2025,2,0.03131782945736434,28.7593984962406,14.609022556390977,23.34285714285714,8.694805194805195
2025,3,0.008875968992248063,30.195488721804512,8.93233082706767,20.97142857142857,11.04025974025974
2025,4,0.004552529182879377,23.795454545454547,3.3636363636363638,14.8,10.050666666666666
2025,5,0.08303501945525292,45.16541353383459,24.706766917293233,36.714285714285715,9.50379746835443
2025,6,0.008764478764478764,40.18796992481203,26.383458646616543,32.457142857142856,9.772619047619047
2025,7,0.05452755905511811,30.801526717557252,14.44186046511628,22.771428571428572,10.609876543209877
2025,8,0.0027027027027027024,24.263157894736842,4.863636363636363,13.628571428571428,9.106024096385541
2025,9,0.007683397683397684,53.18939393939394,28.338345864661655,40.857142857142854,9.463095238095239
2025,10,0.18265625,51.3828125,30.625,40.74285714285714,11.354430379746836
2025,11,0.07884169884169885,67.46212121212122,36.70992366412214,52.31428571428572,11.479268292682926
2025,12,0.11453488372093024,58.2406015037594,31.954887218045112,46.6,13.739285714285714
2025,13,0.05335907335907336,63.18796992481203,41.3984962406015,53.457142857142856,10.880952380952381
2025,14,0.29428571428571426,56.28787878787879,37.88721804511278,46.25714285714286,10.903571428571428
2025,15,0.0138996138996139,57.166666666666664,34.203007518796994,46.714285714285715,8.895121951219512
2025,16,0.09864341085271318,66.97744360902256,45.6390977443609,57.4,12.375
2025,17,0.11934362934362934,71.25563909774436,46.25757575757576,59.8,8.793827160493827
2025,18,0.12223938223938224,69.27067669172932,49.1203007518797,59.57142857142857,10.226190476190476
2025,19,0.015405405405405406,72.97744360902256,44.59398496240601,60.22857142857143,7.014285714285715
2025,20,0.03436293436293436,81.60902255639098,56.07518796992481,69.02857142857142,9.34047619047619
2025,21,0.21158301158301157,67.83458646616542,49.06015037593985,58.82857142857143,9.329761904761906
2025,22,0.04204633204633205,73.63157894736842,52.12781954887218,63.82857142857143,6.6168674698795185
2025,23,0.2306177606177606,79.29323308270676,57.92424242424242,68.54285714285714,7.291566265060242
2025,24,0.058957528957528954,80.82575757575758,59.4812030075188,70.2,6.8047619047619055
2025,25,0.14772200772200772,86.96969696969697,67.97744360902256,77.34285714285714,8.933333333333334
2025,26,0.07166023166023165,91.09022556390977,71.38345864661655,81.17142857142858,6.319047619047619
2025,27,0.07011583011583011,89.22727272727273,67.83458646616542,78.28571428571429,5.941666666666667
2025,28,0.2478764478764479,86.59398496240601,66.92481203007519,76.11428571428571,5.266666666666667
2025,29,0.20011583011583012,85.0,67.0827067669173,75.91428571428571,5.223809523809524
2025,30,0.21293436293436294,88.42857142857143,71.71428571428571,79.45714285714286,6.0
2025,31,0.14567567567567566,83.77443609022556,64.2781954887218,73.77142857142857,6.128395061728395
2025,32,0.021945525291828794,86.50375939849624,66.57894736842105,76.0,6.922077922077922
2025,33,0.19665369649805448,89.01503759398496,67.88721804511279,77.4,4.884415584415585
2025,34,0.12019305019305018,83.76691729323308,63.142857142857146,73.0,6.548051948051948
2025,35,0.018393574297188756,77.96825396825396,52.595238095238095,60.27272727272727,5.564705882352942
2025,36,0.028228346456692914,75.09774436090225,49.13533834586466,,
2025,37,0.01408,84.03076923076924,53.99230769230769,,
2025,38,0.05245901639344262,87.62698412698413,60.095238095238095,,
2025,39,0.0837704918032787,82.07142857142857,56.611111111111114,,
2025,40,0.00047999999999999996,87.61904761904762,57.74603174603175,,
2025,41,0.09151639344262295,74.104,48.056,,
2025,42,0.14704918032786887,74.95081967213115,53.892561983471076,,
2025,43,0.015789473684210527,60.656,37.896,,
2025,44,0.05198863636363637,58.51136363636363,40.895348837209305,,
